id,first_name,last_name,email,country,ip_address
1,Jennifer,Powell,jpowell0@dailymotion.com,Portugal,172.85.119.210
2,Linda,Evans,levans1@dedecms.com,China,230.185.204.44
3,Jack,Martinez,jmartinez2@cpanel.net,China,18.227.10.57
4,Lillian,Berry,lberry3@mlb.com,United States,31.8.155.13
5,Justin,Green,jgreen4@123-reg.co.uk,Norway,56.155.184.160
6,Paul,Thompson,pthompson5@google.es,Peru,64.152.127.131
7,Joshua,Spencer,jspencer6@imdb.com,Indonesia,56.96.96.237
8,Jessica,Cruz,jcruz7@ning.com,Bangladesh,145.239.149.104
9,Steven,Morrison,smorrison8@cornell.edu,Brazil,73.204.32.156
10,William,Fisher,wfisher9@elegantthemes.com,China,183.229.211.21
11,Paula,Sanchez,psancheza@pbs.org,Indonesia,4.180.238.164
12,Victor,Jackson,vjacksonb@apache.org,Zimbabwe,219.62.242.244
13,Janet,Ruiz,jruizc@vistaprint.com,Czech Republic,240.128.0.203
14,Janet,Gardner,jgardnerd@blinklist.com,Greece,222.149.140.234
15,Dorothy,Kim,dkime@timesonline.co.uk,Indonesia,201.45.48.113
16,Edward,Reynolds,ereynoldsf@instagram.com,China,96.134.66.1
17,John,Murphy,jmurphyg@nhs.uk,China,37.119.127.244
18,Billy,Scott,bscotth@vk.com,China,168.188.233.4
19,James,Cole,jcolei@netvibes.com,Brazil,143.27.200.29
20,Anthony,Carr,acarrj@plala.or.jp,Philippines,243.124.154.237
21,Lois,Medina,lmedinak@blogger.com,Czech Republic,150.249.12.32
22,Nancy,Bishop,nbishopl@ameblo.jp,Poland,31.227.137.80
23,Gloria,Arnold,garnoldm@forbes.com,China,143.113.245.67
24,Irene,Ross,irossn@adobe.com,Bangladesh,137.204.16.19
25,Earl,Arnold,earnoldo@nsw.gov.au,Norway,169.206.149.172
26,Fred,Fields,ffieldsp@eventbrite.com,Kenya,13.144.31.147
27,Wayne,Day,wdayq@boston.com,Brazil,153.30.95.240
28,Rose,Austin,raustinr@newsvine.com,China,199.224.252.9
29,John,Parker,jparkers@about.com,Belarus,171.52.218.151
30,Kathleen,Mitchell,kmitchellt@reddit.com,Comoros,36.69.174.146
31,Pamela,Morales,pmoralesu@privacy.gov.au,Tanzania,235.227.204.247
32,Donna,Hudson,dhudsonv@twitter.com,Ukraine,219.41.15.121
33,Teresa,Warren,twarrenw@ibm.com,Russia,224.126.83.125
34,Roy,Watson,rwatsonx@twitpic.com,Kazakhstan,19.25.224.239
35,Jason,Warren,jwarreny@census.gov,Egypt,71.45.246.248
36,Gary,Daniels,gdanielsz@amazon.de,Russia,190.249.18.14
37,Kathryn,Bryant,kbryant10@1und1.de,Serbia,94.96.141.155
38,Lori,Weaver,lweaver11@noaa.gov,China,70.235.154.172
39,Judy,Sanchez,jsanchez12@army.mil,China,168.164.99.71
40,George,Duncan,gduncan13@virginia.edu,Bulgaria,126.122.180.178
41,Gloria,Lee,glee14@mashable.com,Japan,86.194.178.26
42,Alice,Wells,awells15@weather.com,Russia,191.161.36.70
43,Julia,James,jjames16@macromedia.com,Philippines,55.4.127.158
44,Chris,White,cwhite17@exblog.jp,China,4.186.2.113
45,Jason,Watson,jwatson18@mapy.cz,Argentina,250.0.239.55
46,William,Carroll,wcarroll19@java.com,Argentina,10.154.170.146
47,Albert,Fernandez,afernandez1a@domainmarket.com,China,8.214.96.241
48,Thomas,Arnold,tarnold1b@nyu.edu,Colombia,159.211.64.215
49,Robert,Gonzalez,rgonzalez1c@aol.com,Russia,216.170.77.157
50,Jerry,Alvarez,jalvarez1d@chron.com,Syria,40.91.71.132
51,Scott,Carpenter,scarpenter1e@tinyurl.com,Greece,119.227.245.231
52,Jonathan,Brooks,jbrooks1f@gizmodo.com,Philippines,149.214.173.86
53,Katherine,Hawkins,khawkins1g@skyrock.com,Japan,26.192.146.138
54,Judy,Williams,jwilliams1h@jalbum.net,Brazil,68.219.254.164
55,Louise,Mcdonald,lmcdonald1i@printfriendly.com,Japan,237.104.222.73
56,Arthur,Garza,agarza1j@biglobe.ne.jp,Uganda,23.83.102.147
57,Bobby,Franklin,bfranklin1k@yandex.ru,Syria,19.215.191.210
58,Donna,Adams,dadams1l@theatlantic.com,Honduras,1.105.98.86
59,Jack,Hansen,jhansen1m@sohu.com,China,212.30.139.11
60,Charles,Castillo,ccastillo1n@virginia.edu,Mali,28.171.235.119
61,Bobby,Peterson,bpeterson1o@macromedia.com,Japan,64.194.35.98
62,Harold,Murphy,hmurphy1p@nasa.gov,Indonesia,24.9.26.108
63,Carol,Moore,cmoore1q@github.io,Nigeria,14.66.83.153
64,Andrew,Carpenter,acarpenter1r@netscape.com,Pakistan,107.24.56.54
65,Joan,Garrett,jgarrett1s@creativecommons.org,Nigeria,110.36.229.212
66,Jesse,Stanley,jstanley1t@smh.com.au,Nepal,223.187.190.42
67,Ronald,Myers,rmyers1u@microsoft.com,Brazil,79.168.168.192
68,Patrick,Fields,pfields1v@cmu.edu,Philippines,146.66.90.120
69,Teresa,Fuller,tfuller1w@usa.gov,Thailand,119.237.138.233
70,Gerald,Hamilton,ghamilton1x@elegantthemes.com,Brazil,188.126.233.183
71,Ruth,Harper,rharper1y@github.com,Philippines,87.24.122.125
72,Kevin,Ray,kray1z@spotify.com,Philippines,136.15.185.142
73,Jimmy,Thomas,jthomas20@usa.gov,Bahrain,87.47.19.169
74,Phyllis,Chapman,pchapman21@t-online.de,Guatemala,240.254.176.190
75,Richard,Perkins,rperkins22@fda.gov,China,41.99.77.74
76,Carlos,Scott,cscott23@last.fm,United States,245.22.155.201
77,Andrew,Palmer,apalmer24@aboutads.info,Japan,50.139.173.2
78,Linda,Perez,lperez25@rakuten.co.jp,Philippines,40.11.111.36
79,Carol,Ortiz,cortiz26@latimes.com,Zambia,105.24.93.238
80,Helen,Holmes,hholmes27@kickstarter.com,Venezuela,255.168.76.128
81,Robin,Boyd,rboyd28@webnode.com,Canada,9.28.163.210
82,Jesse,Taylor,jtaylor29@cpanel.net,United States,31.145.118.54
83,Andrea,Woods,awoods2a@cdbaby.com,China,38.147.255.203
84,Bonnie,Rogers,brogers2b@usgs.gov,Indonesia,94.89.185.217
85,Maria,Castillo,mcastillo2c@barnesandnoble.com,China,163.122.223.91
86,Lillian,Jenkins,ljenkins2d@weather.com,Seychelles,235.175.39.71
87,Elizabeth,Griffin,egriffin2e@cargocollective.com,Palestinian Territory,160.110.153.99
88,Robert,Freeman,rfreeman2f@pbs.org,Canada,2.237.191.67
89,Patrick,George,pgeorge2g@lycos.com,Philippines,108.56.71.153
90,Doris,Ray,dray2h@examiner.com,Brazil,0.21.241.8
91,Rebecca,Fisher,rfisher2i@state.gov,Indonesia,115.18.47.217
92,Joshua,Reyes,jreyes2j@people.com.cn,Russia,128.241.184.3
93,Benjamin,Walker,bwalker2k@illinois.edu,Serbia,7.252.82.236
94,Rose,Dean,rdean2l@columbia.edu,Belarus,105.62.205.226
95,Alice,Webb,awebb2m@livejournal.com,Guatemala,215.3.155.73
96,Sharon,Little,slittle2n@nps.gov,Bangladesh,61.54.76.166
97,Frank,Hunt,fhunt2o@zdnet.com,China,184.107.228.197
98,Christopher,Riley,criley2p@google.de,Czech Republic,181.121.61.122
99,Larry,Parker,lparker2q@ft.com,Russia,248.20.1.50
100,Judith,Turner,jturner2r@nymag.com,Brazil,20.113.187.150
